question,answer_1,answer_2,type,class,hardcode_1,hardcode_2,hardcode_3,hardcode_4,wrong_1,wrong_2,wrong_3,wrong_4,wrong_5,wrong_6,wrong_7
あ,a,,hiragana_to_romaji_base,hiragana,,,,,o,u,ka,ke,su,ni,mo
い,i,,hiragana_to_romaji_base,hiragana,,,,,e,a,ki,ko,shi,te,chi
う,u,,hiragana_to_romaji_base,hiragana,,,,,o,i,ku,so,tsu,hi,yu
え,e,,hiragana_to_romaji_base,hiragana,,,,,i,o,ke,ko,shi,ne,se
お,o,,hiragana_to_romaji_base,hiragana,,,,,u,a,ko,so,bo,tsu,to
か,ka,,hiragana_to_romaji_base,hiragana,,,,,ku,ko,kya,sa,na,ba,ho
き,ki,,hiragana_to_romaji_base,hiragana,,,,,ku,ke,kyo,wa,ni,ko,hi
く,ku,,hiragana_to_romaji_base,hiragana,,,,,ka,ke,kya,su,na,ra,to
け,ke,,hiragana_to_romaji_base,hiragana,,,,,ka,ko,ki,se,ne,pe,he
こ,ko,,hiragana_to_romaji_base,hiragana,,,,,ku,ki,so,ka,no,ho,to
きゃ,kya,,hiragana_to_romaji_base,hiragana,kyu,kyo,,,ka,ki,kyu,sha,ni,mya,hya
きゅ,kyu,,hiragana_to_romaji_base,hiragana,kya,kyo,,,kya,ki,shu,nu,nyu,byu,pya
きょ,kyo,,hiragana_to_romaji_base,hiragana,kya,kyu,,,kya,kyu,ki,sho,ne,nyo,hyu
さ,sa,,hiragana_to_romaji_base,hiragana,,,,,so,ka,shi,ni,na,za,cha
し,shi,,hiragana_to_romaji_base,hiragana,,,,,se,sa,sho,chi,ni,hi,ki
す,su,,hiragana_to_romaji_base,hiragana,,,,,so,ki,zu,nu,tsu,yu,ku
せ,se,,hiragana_to_romaji_base,hiragana,,,,,sa,so,shi,ne,ze,he,ke
そ,so,,hiragana_to_romaji_base,hiragana,,,,,sa,ko,sho,su,no,zo,ho
しゃ,sha,,hiragana_to_romaji_base,hiragana,shu,sho,,,sa,shi,shu,cha,na,sho,hya
しゅ,shu,,hiragana_to_romaji_base,hiragana,sha,sho,,,shi,sho,chu,nu,sha,byu,pya
しょ,sho,,hiragana_to_romaji_base,hiragana,sha,shu,,,shu,so,no,sha,hyo,chi,po
た,ta,,hiragana_to_romaji_base,hiragana,,,,,shi,te,ka,to,na,da,pa
ち,chi,,hiragana_to_romaji_base,hiragana,,,,,te,ta,ni,shi,pi,to,ji
つ,tsu,,hiragana_to_romaji_base,hiragana,,,,,ta,to,sa,ji,nu,zu,su
て,te,,hiragana_to_romaji_base,hiragana,,,,,ta,se,ne,de,pe,ku,sa
と,to,,hiragana_to_romaji_base,hiragana,,,,,ta,te,so,do,no,po,ya
ちゃ,cha,,hiragana_to_romaji_base,hiragana,chu,cho,,,ta,chi,shu,myu,na,ja,hya
ちゅ,chu,,hiragana_to_romaji_base,hiragana,cha,cho,,,sha,chi,sho,kyu,nyu,ja,pyu
ちょ,cho,,hiragana_to_romaji_base,hiragana,cha,chu,,,sha,chi,nyo,sho,hyo,pyo,ryo
な,na,,hiragana_to_romaji_base,hiragana,,,,,ne,no,ni,ta,ha,ma,wa
に,ni,,hiragana_to_romaji_base,hiragana,,,,,na,no,nu,hi,bi,chi,ki
ぬ,nu,,hiragana_to_romaji_base,hiragana,,,,,na,no,hi,te,ne,mu,tsu
ね,ne,,hiragana_to_romaji_base,hiragana,,,,,na,no,zo,se,be,me,ke
の,no,,hiragana_to_romaji_base,hiragana,,,,,na,nu,ne,so,zo,mo,to
にゃ,nya,,hiragana_to_romaji_base,hiragana,nyu,nyo,,,na,nyo,nyu,hya,hyu,bi,pya
にゅ,nyu,,hiragana_to_romaji_base,hiragana,nya,nyo,,,ni,nya,nyo,na,hyu,myu,pyu
にょ,nyo,,hiragana_to_romaji_base,hiragana,nya,nyu,,,ni,nyu,nya,na,hyo,pyo,byo
は,ha,,hiragana_to_romaji_base,hiragana,,,,,hi,ho,he,na,ma,wa,sa
ひ,hi,,hiragana_to_romaji_base,hiragana,,,,,ha,he,ho,bu,pi,ko,ni
ふ,fu,,hiragana_to_romaji_base,hiragana,,,,,ha,he,hyu,ho,bi,bu,ki
へ,he,,hiragana_to_romaji_base,hiragana,,,,,ha,ho,hi,ne,be,pe,ke
ほ,ho,,hiragana_to_romaji_base,hiragana,,,,,ha,he,ko,hi,bo,po,ni
ひゃ,hya,,hiragana_to_romaji_base,hiragana,hyu,hyo,,,hi,ha,hyu,ryu,nya,ni,pi
ひゅ,hyu,,hiragana_to_romaji_base,hiragana,hya,hyo,,,hya,hi,ho,ryu,nyu,byu,pyu
ひょ,hyo,,hiragana_to_romaji_base,hiragana,hya,hyu,,,hya,hi,ho,nyo,bu,byo,ryo
ま,ma,,hiragana_to_romaji_base,hiragana,,,,,me,mi,mu,na,mo,ba,pa
み,mi,,hiragana_to_romaji_base,hiragana,,,,,me,mu,na,ma,bi,pi,ki
む,mu,,hiragana_to_romaji_base,hiragana,,,,,ma,me,nu,mi,bu,pu,ku
め,me,,hiragana_to_romaji_base,hiragana,,,,,ma,mu,ne,mi,be,pe,ke
も,mo,,hiragana_to_romaji_base,hiragana,,,,,ma,mu,no,mi,bo,po,ko
みゃ,mya,,hiragana_to_romaji_base,hiragana,myu,myo,,,mi,nyo,hya,ma,pyu,ba,pya
みゅ,myu,,hiragana_to_romaji_base,hiragana,mya,myo,,,mi,mya,hyu,ma,nyu,pyu,pyo
みょ,myo,,hiragana_to_romaji_base,hiragana,mya,myu,,,mi,myu,ma,nyo,hyo,ryo,kyo
や,ya,,hiragana_to_romaji_base,hiragana,,,,,yu,yo,na,wa,ka,ta,ga
ゆ,yu,,hiragana_to_romaji_base,hiragana,,,,,yo,nu,ya,ka,ku,ta,ra
よ,yo,,hiragana_to_romaji_base,hiragana,,,,,yu,no,ya,ma,ro,ho,ko
ら,ra,,hiragana_to_romaji_base,hiragana,,,,,ro,ru,re,na,ba,pa,ka
り,ri,,hiragana_to_romaji_base,hiragana,,,,,ra,ro,re,ni,bi,pi,hi
る,ru,,hiragana_to_romaji_base,hiragana,,,,,ro,re,ra,nu,bu,fu,ku
れ,re,,hiragana_to_romaji_base,hiragana,,,,,ro,ri,ra,be,ne,pe,ke
ろ,ro,,hiragana_to_romaji_base,hiragana,,,,,re,ru,ra,no,bo,po,ko
りゃ,rya,,hiragana_to_romaji_base,hiragana,ryu,ryo,,,ri,ra,ryu,re,ni,nya,hya
りゅ,ryu,,hiragana_to_romaji_base,hiragana,rya,ryo,,,ri,ra,rya,ni,nyu,pyu,kya
りょ,ryo,,hiragana_to_romaji_base,hiragana,rya,ryu,,,ri,ra,rya,nyu,nyo,byo,kyo
わ,wa,,hiragana_to_romaji_base,hiragana,,,,,wo,ra,ya,ro,ri,pa,ja
を,wo,,hiragana_to_romaji_base,hiragana,,,,,ro,ra,ya,ri,wa,go,po
ん,n,,hiragana_to_romaji_base,hiragana,,,,,no,na,ne,wo,nu,ni,mi
が,ga,,hiragana_to_romaji_base,hiragana,,,,,go,gu,ka,na,ba,pa,da
ぎ,gi,,hiragana_to_romaji_base,hiragana,,,,,go,ge,ka,ji,ni,bi,pi
ぐ,gu,,hiragana_to_romaji_base,hiragana,,,,,go,ge,ka,ku,nu,bu,ki
げ,ge,,hiragana_to_romaji_base,hiragana,,,,,go,gi,ka,ne,be,ke,pa
ご,go,,hiragana_to_romaji_base,hiragana,,,,,ge,gu,ka,no,bo,ko,da
ぎゃ,gya,,hiragana_to_romaji_base,hiragana,gyu,gyo,,,gi,ga,gyo,kya,ji,hya,pi
ぎゅ,gyu,,hiragana_to_romaji_base,hiragana,gya,gyo,,,gi,ga,gyo,ju,ni,byu,pyo
ぎょ,gyo,,hiragana_to_romaji_base,hiragana,gya,gyu,,,gya,gi,ga,jo,no,nyo,pu
ざ,za,,hiragana_to_romaji_base,hiragana,,,,,ze,zu,jo,sa,ja,da,ni
じ,ji,,hiragana_to_romaji_base,hiragana,,,,,ze,zu,jo,ja,ni,gi,be
ず,zu,,hiragana_to_romaji_base,hiragana,,,,,ze,za,tsu,nu,su,po,zo
ぜ,ze,,hiragana_to_romaji_base,hiragana,,,,,za,zu,sa,ge,de,kyo,da
ぞ,zo,,hiragana_to_romaji_base,hiragana,,,,,ze,zu,za,bo,no,so,da
じゃ,ja,,hiragana_to_romaji_base,hiragana,ju,jo,,,ju,sha,ji,na,nyu,hya,za
じゅ,ju,,hiragana_to_romaji_base,hiragana,ja,jo,,,ji,ja,shu,nu,sha,pyu,zu
じょ,jo,,hiragana_to_romaji_base,hiragana,ja,ju,,,ju,sho,ji,no,shu,hyo,zu
だ,da,,hiragana_to_romaji_base,hiragana,,,,,do,ji,na,ba,pa,ta,ho
ぢ,ji,,hiragana_to_romaji_base,hiragana,,,,,da,ni,pi,bi,,ki,pya
づ,zu,,hiragana_to_romaji_base,hiragana,,,,,do,da,no,nu,fu,gi,pi
で,de,,hiragana_to_romaji_base,hiragana,,,,,da,do,ni,ze,pe,me,be
ど,do,,hiragana_to_romaji_base,hiragana,,,,,de,da,no,zo,po,ro,bo
ぢゃ,ja,,hiragana_to_romaji_base,hiragana,ju,jo,,,ju,sha,na,ji,jo,chi,pyu
ぢゅ,ju,,hiragana_to_romaji_base,hiragana,ja,jo,,,ji,ja,zo,nu,shu,kyu,chu
ぢょ,jo,,hiragana_to_romaji_base,hiragana,ja,ju,,,ju,sho,ji,no,,nyo,pyu
ば,ba,,hiragana_to_romaji_base,hiragana,,,,,bo,be,bu,na,pa,ta,sa
び,bi,,hiragana_to_romaji_base,hiragana,,,,,bo,ba,bu,hi,pi,jo,zo
ぶ,bu,,hiragana_to_romaji_base,hiragana,,,,,bi,bo,ra,no,nu,pu,ni
べ,be,,hiragana_to_romaji_base,hiragana,,,,,bi,bo,ba,ne,pi,pe,za
ぼ,bo,,hiragana_to_romaji_base,hiragana,,,,,bi,pa,ho,no,po,yo,zo
びゃ,bya,,hiragana_to_romaji_base,hiragana,byu,byo,,,bi,ba,byo,hya,na,pya,ki
びゅ,byu,,hiragana_to_romaji_base,hiragana,bya,byo,,,bi,ba,byo,ni,pyu,pyo,sho
びょ,byo,,hiragana_to_romaji_base,hiragana,bya,byu,,,bi,ba,byu,hyo,no,ryu,cho
ぱ,pa,,hiragana_to_romaji_base,hiragana,,,,,pi,bu,pu,pe,ba,ta,bo
ぴ,pi,,hiragana_to_romaji_base,hiragana,,,,,pu,pa,po,ni,bi,gi,sho
ぷ,pu,,hiragana_to_romaji_base,hiragana,,,,,pi,po,pa,nu,fu,gi,bu
ぺ,pe,,hiragana_to_romaji_base,hiragana,,,,,pi,pa,pu,po,be,me,pya
ぽ,po,,hiragana_to_romaji_base,hiragana,,,,,pa,pi,pe,pu,bo,gi,bu
ぴゃ,pya,,hiragana_to_romaji_base,hiragana,pyu,pyo,,,pa,pi,po,pe,pyo,yo,kya
ぴゅ,pyu,,hiragana_to_romaji_base,hiragana,pya,pyo,,,pe,pi,pu,po,myu,sho,kyo
ぴょ,pyo,,hiragana_to_romaji_base,hiragana,pya,pyu,,,byo,pi,pe,po,hyo,yo,sho
a,あ,,romaji_to_hiragana_base,hiragana,,,,,お,ぬ,の,み,ね,く,め
i,い,,romaji_to_hiragana_base,hiragana,,,,,う,え,あ,お,か,き,く
u,う,,romaji_to_hiragana_base,hiragana,,,,,あ,い,え,お,し,す,せ
e,え,,romaji_to_hiragana_base,hiragana,,,,,い,あ,う,お,ち,つ,て
o,お,,romaji_to_hiragana_base,hiragana,,,,,あ,い,う,え,さ,し,す
ka,か,,romaji_to_hiragana_base,hiragana,,,,,き,く,け,こ,た,ち,つ
ki,き,,romaji_to_hiragana_base,hiragana,,,,,か,く,け,こ,な,に,ぬ
ku,く,,romaji_to_hiragana_base,hiragana,,,,,か,き,け,こ,は,ひ,ふ
ke,け,,romaji_to_hiragana_base,hiragana,,,,,か,き,く,こ,ま,み,む
ko,こ,,romaji_to_hiragana_base,hiragana,,,,,か,き,く,け,や,ゆ,よ
kya,きゃ,,romaji_to_hiragana_base,hiragana,きゅ,きょ,,,しゃ,ちゃ,にゃ,ひゃ,みゃ,りゃ,ぎゃ
kyu,きゅ,,romaji_to_hiragana_base,hiragana,きゃ,きょ,,,しゅ,ちゅ,にゅ,ひゅ,みゅ,りゅ,ぎゅ
kyo,きょ,,romaji_to_hiragana_base,hiragana,きゃ,きゅ,,,しょ,ちょ,にょ,ひょ,みょ,りょ,ぎょ
sa,さ,,romaji_to_hiragana_base,hiragana,,,,,し,す,せ,そ,た,ち,つ
shi,し,,romaji_to_hiragana_base,hiragana,,,,,さ,す,せ,そ,な,に,ぬ
su,す,,romaji_to_hiragana_base,hiragana,,,,,さ,し,せ,そ,は,ひ,ふ
se,せ,,romaji_to_hiragana_base,hiragana,,,,,さ,し,す,そ,ま,み,む
so,そ,,romaji_to_hiragana_base,hiragana,,,,,さ,し,す,せ,や,ゆ,よ
sha,しゃ,,romaji_to_hiragana_base,hiragana,しゅ,しょ,,,きゃ,ちゃ,にゃ,ひゃ,みゃ,りゃ,ぎゃ
shu,しゅ,,romaji_to_hiragana_base,hiragana,しゃ,しょ,,,きゅ,ちゅ,にゅ,ひゅ,みゅ,す,し
sho,しょ,,romaji_to_hiragana_base,hiragana,しゃ,しゅ,,,きょ,ちょ,にょ,ひょ,みょ,りょ,ぎょ
ta,た,,romaji_to_hiragana_base,hiragana,,,,,ち,つ,て,と,さ,し,す
chi,ち,,romaji_to_hiragana_base,hiragana,,,,,た,つ,て,と,な,に,ぬ
tsu,つ,,romaji_to_hiragana_base,hiragana,,,,,た,ち,て,と,は,ひ,ふ
te,て,,romaji_to_hiragana_base,hiragana,,,,,た,ち,つ,と,ま,み,む
to,と,,romaji_to_hiragana_base,hiragana,,,,,た,ち,つ,て,や,ゆ,よ
cha,ちゃ,,romaji_to_hiragana_base,hiragana,ちゅ,ちょ,,,きゃ,しゃ,にゃ,ひゃ,みゃ,りゃ,ぎゃ
chu,ちゅ,,romaji_to_hiragana_base,hiragana,ちゃ,ちょ,,,きゅ,しゅ,にゅ,ひゅ,みゅ,りゅ,ぎゅ
cho,ちょ,,romaji_to_hiragana_base,hiragana,ちゃ,ちゅ,,,きょ,しょ,にょ,ひょ,みょ,りょ,ぎょ
na,な,,romaji_to_hiragana_base,hiragana,,,,,に,ぬ,ね,の,た,ち,つ
ni,に,,romaji_to_hiragana_base,hiragana,,,,,な,ぬ,ね,の,は,ひ,ふ
nu,ぬ,,romaji_to_hiragana_base,hiragana,,,,,な,に,ね,の,ま,み,む
ne,ね,,romaji_to_hiragana_base,hiragana,,,,,な,に,ぬ,の,や,ゆ,よ
no,の,,romaji_to_hiragana_base,hiragana,,,,,な,に,ぬ,ね,わ,を,ん
nya,にゃ,,romaji_to_hiragana_base,hiragana,にゅ,にょ,,,きゃ,しゃ,ちゃ,ひゃ,みゃ,りゃ,ぎゃ
nyu,にゅ,,romaji_to_hiragana_base,hiragana,にゃ,にょ,,,きゅ,しゅ,ちゅ,ひゅ,みゅ,りゅ,ぎゅ
nyo,にょ,,romaji_to_hiragana_base,hiragana,にゃ,にゅ,,,きょ,しょ,ちょ,ひょ,みょ,りょ,ぎょ
ha,は,,romaji_to_hiragana_base,hiragana,,,,,ひ,ふ,へ,ほ,さ,し,す
hi,ひ,,romaji_to_hiragana_base,hiragana,,,,,は,ふ,へ,ほ,な,に,ぬ
fu,ふ,,romaji_to_hiragana_base,hiragana,,,,,は,ひ,へ,ほ,ま,み,む
he,へ,,romaji_to_hiragana_base,hiragana,,,,,は,ひ,ふ,ほ,や,ゆ,よ
ho,ほ,,romaji_to_hiragana_base,hiragana,,,,,は,ひ,ふ,へ,わ,を,ん
hya,ひゃ,,romaji_to_hiragana_base,hiragana,ひゅ,ひょ,,,きゃ,しゃ,ちゃ,にゃ,みゃ,りゃ,ぎゃ
hyu,ひゅ,,romaji_to_hiragana_base,hiragana,ひゃ,ひょ,,,きゅ,しゅ,ちゅ,にゅ,みゅ,りゅ,ぎゅ
hyo,ひょ,,romaji_to_hiragana_base,hiragana,ひゃ,ひゅ,,,きょ,しょ,ちょ,にょ,みょ,りょ,ぎょ
ma,ま,,romaji_to_hiragana_base,hiragana,,,,,み,む,め,も,さ,し,す
mi,み,,romaji_to_hiragana_base,hiragana,,,,,ま,む,め,も,な,に,ぬ
mu,む,,romaji_to_hiragana_base,hiragana,,,,,ま,み,め,も,は,ひ,ふ
me,め,,romaji_to_hiragana_base,hiragana,,,,,ま,み,む,も,や,ゆ,よ
mo,も,,romaji_to_hiragana_base,hiragana,,,,,ま,み,む,め,わ,を,ん
mya,みゃ,,romaji_to_hiragana_base,hiragana,みゅ,みょ,,,きゃ,しゃ,ちゃ,にゃ,ひゃ,りゃ,ぎゃ
myu,みゅ,,romaji_to_hiragana_base,hiragana,みゃ,みょ,,,きゅ,しゅ,ちゅ,にゅ,ひゅ,りゅ,ぎゅ
myo,みょ,,romaji_to_hiragana_base,hiragana,みゃ,みゅ,,,きょ,しょ,ちょ,にょ,ひょ,りょ,ぎょ
ya,や,,romaji_to_hiragana_base,hiragana,,,,,ゆ,よ,わ,を,た,ち,つ
yu,ゆ,,romaji_to_hiragana_base,hiragana,,,,,や,よ,わ,を,な,に,ぬ
yo,よ,,romaji_to_hiragana_base,hiragana,,,,,や,ゆ,わ,を,は,ひ,ふ
ra,ら,,romaji_to_hiragana_base,hiragana,,,,,り,る,れ,ろ,さ,し,す
ri,り,,romaji_to_hiragana_base,hiragana,,,,,ら,る,れ,ろ,な,に,ぬ
ru,る,,romaji_to_hiragana_base,hiragana,,,,,ら,り,れ,ろ,は,ひ,ふ
re,れ,,romaji_to_hiragana_base,hiragana,,,,,ら,り,る,ろ,ま,み,む
ro,ろ,,romaji_to_hiragana_base,hiragana,,,,,ら,り,る,れ,や,ゆ,よ
rya,りゃ,,romaji_to_hiragana_base,hiragana,りゅ,りょ,,,きゃ,しゃ,ちゃ,にゃ,ひゃ,みゃ,ぎゃ
ryu,りゅ,,romaji_to_hiragana_base,hiragana,りゃ,りょ,,,きゅ,しゅ,ちゅ,にゅ,ひゅ,みゅ,ぎゅ
ryo,りょ,,romaji_to_hiragana_base,hiragana,りゃ,りゅ,,,きょ,しょ,ちょ,にょ,ひょ,みょ,ぎょ
wa,わ,,romaji_to_hiragana_base,hiragana,,,,,や,ゆ,よ,を,た,ち,つ
wo,を,,romaji_to_hiragana_base,hiragana,,,,,や,よ,わ,ゆ,な,に,ぬ
n,ん,,romaji_to_hiragana_base,hiragana,,,,,な,に,ぬ,ね,の,ま,み
ga,が,,romaji_to_hiragana_base,hiragana,,,,,ぎ,ぐ,げ,ご,な,に,ぬ
gi,ぎ,,romaji_to_hiragana_base,hiragana,,,,,が,ぐ,げ,ご,は,ひ,ふ
gu,ぐ,,romaji_to_hiragana_base,hiragana,,,,,が,ぎ,げ,ご,ま,み,む
ge,げ,,romaji_to_hiragana_base,hiragana,,,,,が,ぎ,ぐ,ご,や,ゆ,よ
go,ご,,romaji_to_hiragana_base,hiragana,,,,,が,ぎ,ぐ,げ,わ,を,ん
gya,ぎゃ,,romaji_to_hiragana_base,hiragana,ぎゅ,ぎょ,,,きゃ,しゃ,ちゃ,にゃ,ひゃ,みゃ,りゃ
gyu,ぎゅ,,romaji_to_hiragana_base,hiragana,ぎゃ,ぎょ,,,きゅ,しゅ,ちゅ,にゅ,ひゅ,みゅ,りゅ
gyo,ぎょ,,romaji_to_hiragana_base,hiragana,ぎゃ,ぎゅ,,,きょ,しょ,ちょ,にょ,ひょ,みょ,りょ
za,ざ,,romaji_to_hiragana_base,hiragana,,,,,じ,ず,ぜ,ぞ,さ,し,す
ji,じ,ぢ,romaji_to_hiragana_base,hiragana,,,,,ざ,ず,ぜ,ぞ,た,ち,つ
zu,ず,づ,romaji_to_hiragana_base,hiragana,,,,,ざ,じ,ぜ,ぞ,は,ひ,ふ
ze,ぜ,,romaji_to_hiragana_base,hiragana,,,,,ざ,じ,ず,ぞ,ま,み,む
zo,ぞ,,romaji_to_hiragana_base,hiragana,,,,,ざ,じ,ず,ぜ,や,ゆ,よ
ja,じゃ,ぢゃ,romaji_to_hiragana_base,hiragana,じゅ,じょ,ぢゅ,ぢょ,きゃ,しゃ,ちゃ,にゃ,ひゃ,みゃ,りゃ
ju,じゅ,ぢゅ,romaji_to_hiragana_base,hiragana,じゃ,じょ,ぢゃ,ぢょ,きゅ,しゅ,ちゅ,にゅ,ひゅ,みゅ,りゅ
jo,じょ,ぢょ,romaji_to_hiragana_base,hiragana,じゃ,じゅ,ぢゃ,ぢゅ,きょ,しょ,ちょ,にょ,ひょ,みょ,りょ
da,だ,,romaji_to_hiragana_base,hiragana,,,,,で,ど,ぜ,ぞ,た,し,つ
de,で,,romaji_to_hiragana_base,hiragana,,,,,だ,ど,ぜ,ぞ,ま,み,む
do,ど,,romaji_to_hiragana_base,hiragana,,,,,だ,で,ぜ,ぞ,や,ゆ,よ
ba,ば,,romaji_to_hiragana_base,hiragana,,,,,び,ぶ,べ,ぼ,さ,し,す
bi,び,,romaji_to_hiragana_base,hiragana,,,,,ば,ぶ,べ,ぼ,た,ち,つ
bu,ぶ,,romaji_to_hiragana_base,hiragana,,,,,ば,び,べ,ぼ,は,ひ,ふ
be,べ,,romaji_to_hiragana_base,hiragana,,,,,ば,び,ぶ,ぼ,ま,み,む
bo,ぼ,,romaji_to_hiragana_base,hiragana,,,,,ば,び,ぶ,べ,や,ゆ,よ
bya,びゃ,,romaji_to_hiragana_base,hiragana,びゅ,びょ,,,きゃ,しゃ,ちゃ,にゃ,ひゃ,みゃ,りゃ
byu,びゅ,,romaji_to_hiragana_base,hiragana,びゃ,びょ,,,きゅ,しゅ,ちゅ,にゅ,ひゅ,みゅ,りゅ
byo,びょ,,romaji_to_hiragana_base,hiragana,びゃ,びゅ,,,きょ,しょ,ちょ,にょ,ひょ,みょ,りょ
pa,ぱ,,romaji_to_hiragana_base,hiragana,,,,,ぴ,ぷ,ぺ,ぽ,さ,し,す
pi,ぴ,,romaji_to_hiragana_base,hiragana,,,,,ぱ,ぷ,ぺ,ぽ,た,ち,つ
pu,ぷ,,romaji_to_hiragana_base,hiragana,,,,,ぱ,ぴ,ぺ,ぽ,は,ひ,ふ
pe,ぺ,,romaji_to_hiragana_base,hiragana,,,,,ぱ,ぴ,ぷ,ぽ,ま,み,む
po,ぽ,,romaji_to_hiragana_base,hiragana,,,,,ぱ,ぴ,ぷ,ぺ,や,ゆ,よ
pya,ぴゃ,,romaji_to_hiragana_base,hiragana,ぴゅ,ぴょ,,,きゃ,しゃ,ちゃ,にゃ,ひゃ,みゃ,りゃ
pyu,ぴゅ,,romaji_to_hiragana_base,hiragana,ぴゃ,ぴょ,,,きゅ,しゅ,ちゅ,にゅ,ひゅ,みゅ,りゅ
pyo,ぴょ,,romaji_to_hiragana_base,hiragana,ぴゃ,ぴゅ,,,きょ,しょ,ちょ,にょ,ひょ,みょ,りょ
ア,a,,katakana_to_romaji_base,katakana,,,,,ka,o,hi,ki,ko,wa,ni
イ,i,,katakana_to_romaji_base,katakana,,,,,yu,e,a,ri,ke,ki,ko
ウ,u,,katakana_to_romaji_base,katakana,,,,,i,ka,su,ku,no,yo,tsu
エ,e,,katakana_to_romaji_base,katakana,,,,,i,ka,se,ne,ke,no,yo
オ,o,,katakana_to_romaji_base,katakana,,,,,ko,u,ka,ro,ho,wo,yo
カ,ka,,katakana_to_romaji_base,katakana,,,,,ko,sa,ho,ki,ku,re,ni
キ,ki,,katakana_to_romaji_base,katakana,,,,,ka,ko,kyu,ku,he,no,pyo
ク,ku,,katakana_to_romaji_base,katakana,,,,,ka,ko,ki,ho,bu,su,ru
ケ,ke,,katakana_to_romaji_base,katakana,,,,,ka,ki,se,ku,ra,na,ho
コ,ko,,katakana_to_romaji_base,katakana,,,,,ka,ke,ku,he,no,ni,yo
キャ,kya,,katakana_to_romaji_base,katakana,kyu,kyo,,,ka,kyu,ki,ke,ha,ni,kyo
キュ,kyu,,katakana_to_romaji_base,katakana,kya,kyo,,,ka,ki,ku,ke,ha,kyo,ra
キョ,kyo,,katakana_to_romaji_base,katakana,kya,kyu,,,ka,ki,ko,ke,kya,pyo,ni
サ,sa,,katakana_to_romaji_base,katakana,,,,,so,ta,ru,se,ka,ko,shi
シ,shi,,katakana_to_romaji_base,katakana,,,,,ji,ro,ke,chi,ka,no,re
ス,su,,katakana_to_romaji_base,katakana,,,,,so,shi,se,ku,ki,yu,re
セ,se,,katakana_to_romaji_base,katakana,,,,,so,shi,sa,ki,ku,ka,re
ソ,so,,katakana_to_romaji_base,katakana,,,,,se,su,shi,ke,sho,ru,ka
シャ,sha,,katakana_to_romaji_base,katakana,shu,sho,,,sa,so,sho,shi,ku,ka,yo
シュ,shu,,katakana_to_romaji_base,katakana,sha,sho,,,sha,sho,shi,ki,kya,su,yo
ショ,sho,,katakana_to_romaji_base,katakana,sha,shu,,,shi,sha,so,ki,ta,yo,ku
タ,ta,,katakana_to_romaji_base,katakana,,,,,shi,ka,no,te,na,ru,ke
チ,chi,,katakana_to_romaji_base,katakana,,,,,to,shi,ji,ko,ku,re,ki
ツ,tsu,,katakana_to_romaji_base,katakana,,,,,ta,to,sa,ku,so,chi,i
テ,te,,katakana_to_romaji_base,katakana,,,,,ta,se,na,de,ne,ku,so
ト,to,,katakana_to_romaji_base,katakana,,,,,ta,te,do,ka,ki,ku,za
チャ,cha,,katakana_to_romaji_base,katakana,chu,cho,,,sha,ka,do,sa,so,yo,ra
チュ,chu,,katakana_to_romaji_base,katakana,cha,cho,,,kya,chi,jo,cha,sho,nya,yo
チョ,cho,,katakana_to_romaji_base,katakana,cha,chu,,,sha,ko,nyo,sho,ki,na,zo
ナ,na,,katakana_to_romaji_base,katakana,,,,,ne,ni,ma,he,no,se,yo
ニ,ni,,katakana_to_romaji_base,katakana,,,,,ne,na,no,he,se,yo,ka
ヌ,nu,,katakana_to_romaji_base,katakana,,,,,ne,ni,na,no,ku,su,gi
ネ,ne,,katakana_to_romaji_base,katakana,,,,,na,ni,he,so,no,ku,ta
ノ,no,,katakana_to_romaji_base,katakana,,,,,na,ne,ku,se,mo,ma,wa
ニャ,nya,,katakana_to_romaji_base,katakana,nyu,nyo,,,ju,he,na,ni,yo,hya,ra
ニュ,nyu,,katakana_to_romaji_base,katakana,nya,nyo,,,ni,ju,he,na,pa,pyu,ri
ニョ,nyo,,katakana_to_romaji_base,katakana,nya,nyu,,,nya,ju,he,na,no,hyo,ri
ハ,ha,,katakana_to_romaji_base,katakana,,,,,he,pa,ni,hi,sa,bu,mo
ヒ,hi,,katakana_to_romaji_base,katakana,,,,,he,ki,ni,pi,ku,ba,ha
フ,fu,,katakana_to_romaji_base,katakana,,,,,he,ho,hi,nu,pu,ni,ko
ヘ,he,,katakana_to_romaji_base,katakana,,,,,ha,hi,na,pe,me,go,te
ホ,ho,,katakana_to_romaji_base,katakana,,,,,ha,hi,he,ni,pa,po,gi
ヒャ,hya,,katakana_to_romaji_base,katakana,hyu,hyo,,,ha,hi,pi,po,cho,ki,nyu
ヒュ,hyu,,katakana_to_romaji_base,katakana,hya,hyo,,,hi,ha,cho,na,cha,nyu,yo
ヒョ,hyo,,katakana_to_romaji_base,katakana,hya,hyu,,,hi,ho,ni,cho,jo,he,ki
マ,ma,,katakana_to_romaji_base,katakana,,,,,mi,mo,ni,pa,ha,ta,re
ミ,mi,,katakana_to_romaji_base,katakana,,,,,ma,ni,pa,mo,ba,gi,ku
ム,mu,,katakana_to_romaji_base,katakana,,,,,ma,mi,mo,ni,ru,ku,ro
メ,me,,katakana_to_romaji_base,katakana,,,,,mu,ma,ni,ri,ke,pa,no
モ,mo,,katakana_to_romaji_base,katakana,,,,,mu,ma,ni,no,ta,yo,ko
ミャ,mya,,katakana_to_romaji_base,katakana,myu,myo,,,na,mi,mu,ya,cho,ba,kya
ミュ,myu,,katakana_to_romaji_base,katakana,mya,myo,,,mu,mi,ni,cho,shu,nyu,pa
ミョ,myo,,katakana_to_romaji_base,katakana,mya,myu,,,mu,mi,pyo,nyo,kyo,pa,sho
ヤ,ya,,katakana_to_romaji_base,katakana,,,,,yu,yo,wo,pa,ta,ga,zo
ユ,yu,,katakana_to_romaji_base,katakana,,,,,ya,yo,nu,na,sa,pa,zo
ヨ,yo,,katakana_to_romaji_base,katakana,,,,,ya,yu,he,ku,se,pa,zo
ラ,ra,,katakana_to_romaji_base,katakana,,,,,ru,re,ni,ba,ka,ja,mo
リ,ri,,katakana_to_romaji_base,katakana,,,,,re,ra,he,ka,ni,ta,yo
ル,ru,,katakana_to_romaji_base,katakana,,,,,ra,ro,ri,mu,ka,fu,ko
レ,re,,katakana_to_romaji_base,katakana,,,,,ru,ra,ka,ro,mo,yo,ko
ロ,ro,,katakana_to_romaji_base,katakana,,,,,ra,ri,ka,ko,jo,mo,yo
リャ,rya,,katakana_to_romaji_base,katakana,ryu,ryo,,,ra,ri,ko,ka,mo,ni,hi
リュ,ryu,,katakana_to_romaji_base,katakana,rya,ryo,,,ra,ru,ri,mo,ki,ni,nyu
リョ,ryo,,katakana_to_romaji_base,katakana,rya,ryu,,,ra,ri,mo,ki,myo,ni,shu
ワ,wa,,katakana_to_romaji_base,katakana,,,,,ra,yo,wo,he,pa,ni,ta
ヲ,wo,,katakana_to_romaji_base,katakana,,,,,na,wa,se,zo,ho,mo,pa
ン,n,,katakana_to_romaji_base,katakana,,,,,no,na,ne,wo,nu,ni,mi
ガ,ga,,katakana_to_romaji_base,katakana,,,,,gu,ge,go,ka,za,ba,ri
ギ,gi,,katakana_to_romaji_base,katakana,,,,,ge,go,ka,za,ba,ru,pi
グ,gu,,katakana_to_romaji_base,katakana,,,,,go,ge,gi,ba,ku,ki,ro
ゲ,ge,,katakana_to_romaji_base,katakana,,,,,go,be,ki,zo,ri,ne,po
ゴ,go,,katakana_to_romaji_base,katakana,,,,,ge,ne,zu,ki,ku,bo,ri
ギャ,gya,,katakana_to_romaji_base,katakana,gyu,gyo,,,ga,gyo,gi,ko,hya,mi,ryu
ギュ,gyu,,katakana_to_romaji_base,katakana,gya,gyo,,,ga,ge,gyo,ho,gu,myu,ki
ギョ,gyo,,katakana_to_romaji_base,katakana,gya,gyu,,,ga,ge,gyu,gi,kyo,gu,mi
ザ,za,,katakana_to_romaji_base,katakana,,,,,ne,sa,ze,ku,mi,ri,ka
ジ,ji,,katakana_to_romaji_base,katakana,,,,,ze,ju,ja,za,jo,ri,mi
ズ,zu,,katakana_to_romaji_base,katakana,,,,,ze,za,zo,ri,no,gi,po
ゼ,ze,,katakana_to_romaji_base,katakana,,,,,zu,zo,ke,ri,kyo,gi,po
ゾ,zo,,katakana_to_romaji_base,katakana,,,,,za,zu,so,po,no,be,gi
ジャ,ja,,katakana_to_romaji_base,katakana,ju,jo,,,ze,ju,jo,na,mi,ba,po
ジュ,ju,,katakana_to_romaji_base,katakana,ja,jo,,,ja,jo,gi,za,mi,bi,na
ジョ,jo,,katakana_to_romaji_base,katakana,ja,ju,,,ju,ji,na,mi,bi,ri,da
ダ,da,,katakana_to_romaji_base,katakana,,,,,ji,jo,na,ba,pa,ri,mo
ヂ,ji,,katakana_to_romaji_base,katakana,,,,,do,da,bi,pya,pa,ni,ha
ヅ,zu,,katakana_to_romaji_base,katakana,,,,,do,da,no,gi,pi,ni,ta
デ,de,,katakana_to_romaji_base,katakana,,,,,da,do,pe,ni,ki,me,gi
ド,do,,katakana_to_romaji_base,katakana,,,,,ji,no,na,gi,ro,po,so
ヂャ,ja,,katakana_to_romaji_base,katakana,ju,jo,,,ju,na,ki,jo,da,pya,bya
ヂュ,ju,,katakana_to_romaji_base,katakana,ja,jo,,,ja,zo,nu,shu,na,gi,bya
ヂョ,jo,,katakana_to_romaji_base,katakana,ja,ju,,,ju,no,na,nyo,ji,gi,mi
バ,ba,,katakana_to_romaji_base,katakana,,,,,bo,be,na,pa,ta,sa,me
ビ,bi,,katakana_to_romaji_base,katakana,,,,,bo,ba,hi,pi,jo,zo,ki
ブ,bu,,katakana_to_romaji_base,katakana,,,,,bi,bo,no,nu,pi,pu,ki
ベ,be,,katakana_to_romaji_base,katakana,,,,,bi,bo,ne,pi,pe,za,ro
ボ,bo,,katakana_to_romaji_base,katakana,,,,,bi,pa,ho,no,po,yo,ni
ビャ,bya,,katakana_to_romaji_base,katakana,byu,byo,,,bi,ba,hya,na,pya,sho,ho
ビュ,byu,,katakana_to_romaji_base,katakana,bya,byo,,,bi,ba,ni,pyu,pyo,sho,nyu
ビョ,byo,,katakana_to_romaji_base,katakana,bya,byu,,,bi,ba,hyo,no,ryu,cho,sho
パ,pa,,katakana_to_romaji_base,katakana,,,,,pi,pu,pe,ba,ta,bo,ro
ピ,pi,,katakana_to_romaji_base,katakana,,,,,pu,pa,pe,bi,gi,sho,zo
プ,pu,,katakana_to_romaji_base,katakana,,,,,pi,po,pa,nu,fu,gi,ro
ペ,pe,,katakana_to_romaji_base,katakana,,,,,pi,pa,pu,be,me,pya,ta
ポ,po,,katakana_to_romaji_base,katakana,,,,,pa,pi,pe,pu,bo,gi,mi
ピャ,pya,,katakana_to_romaji_base,katakana,pyu,pyo,,,pa,pi,po,pe,pyo,yo,kya
ピュ,pyu,,katakana_to_romaji_base,katakana,pya,pyo,,,pe,pi,pu,po,myu,sho,kyo
ピョ,pyo,,katakana_to_romaji_base,katakana,pya,pyu,,,byo,pi,pe,po,hyo,yo,sho
a,ア,,romaji_to_katakana_base,katakana,,,,,ケ,ヌ,ヂ,ラ,ウ,ソ,タ
i,イ,,romaji_to_katakana_base,katakana,,,,,サ,シ,ス,タ,ハ,マ,ナ
u,ウ,,romaji_to_katakana_base,katakana,,,,,カ,キ,ク,テ,フ,ミ,リ
e,エ,,romaji_to_katakana_base,katakana,,,,,コ,ケ,サ,チ,セ,ニ,ホ
o,オ,,romaji_to_katakana_base,katakana,,,,,タ,シ,ス,ト,ホ,モ,ロ
ka,カ,,romaji_to_katakana_base,katakana,,,,,ア,キ,ク,ケ,シ,タ,ツ
ki,キ,,romaji_to_katakana_base,katakana,,,,,ア,カ,ク,サ,ツ,ナ,ヒ
ku,ク,,romaji_to_katakana_base,katakana,,,,,ア,カ,キ,セ,ヌ,フ,ム
ke,ケ,,romaji_to_katakana_base,katakana,,,,,ア,カ,ク,サ,ネ,フ,ホ
ko,コ,,romaji_to_katakana_base,katakana,,,,,ア,キ,サ,テ,ノ,ホ,モ
kya,キャ,,romaji_to_katakana_base,katakana,キュ,キョ,,,ギャ,シャ,チャ,ヒャ,ビャ,ピャ,ミャ
kyu,キュ,,romaji_to_katakana_base,katakana,キャ,キョ,,,ギュ,シュ,チュ,ヒュ,ビュ,ピュ,ミュ
kyo,キョ,,romaji_to_katakana_base,katakana,キャ,キュ,,,ギョ,ショ,チョ,ヒョ,ビョ,ピョ,ミョ
sa,サ,,romaji_to_katakana_base,katakana,,,,,ア,カ,タ,ナ,ハ,マ,ラ
shi,シ,,romaji_to_katakana_base,katakana,,,,,ア,カ,セ,チ,ニ,ヒ,フ
su,ス,,romaji_to_katakana_base,katakana,,,,,ア,カ,セ,ト,ハ,マ,ラ
se,セ,,romaji_to_katakana_base,katakana,,,,,ア,カ,サ,ス,ノ,モ,ロ
so,ソ,,romaji_to_katakana_base,katakana,,,,,ア,カ,シ,ト,ハ,ミ,リ
sha,シャ,,romaji_to_katakana_base,katakana,シュ,ショ,,,キャ,ギャ,チュ,ヒュ,ピャ,ビャ,リョ
shu,シュ,,romaji_to_katakana_base,katakana,シャ,ショ,,,キュ,ギュ,チョ,ヒョ,ピュ,ビュ,リュ
sho,ショ,,romaji_to_katakana_base,katakana,シャ,シュ,,,キョ,ギョ,チャ,ヒャ,ピョ,ビョ,リョ
ta,タ,,romaji_to_katakana_base,katakana,,,,,ア,カ,サ,テ,マ,ラ,ナ
chi,チ,,romaji_to_katakana_base,katakana,,,,,ア,カ,キ,セ,ノ,モ,ム
tsu,ツ,,romaji_to_katakana_base,katakana,,,,,カ,コ,サ,セ,チ,ス,ネ
te,テ,,romaji_to_katakana_base,katakana,,,,,ア,カ,シ,ト,ツ,フ,ム
to,ト,,romaji_to_katakana_base,katakana,,,,,ア,カ,サ,テ,ノ,モ,リ
cha,チャ,,romaji_to_katakana_base,katakana,チュ,チョ,,,ギャ,キュ,シュ,リョ,ピャ,ビャ,ニョ
chu,チュ,,romaji_to_katakana_base,katakana,チャ,チョ,,,ギュ,キョ,ショ,チャ,ヒャ,ビュ,ミョ
cho,チョ,,romaji_to_katakana_base,katakana,チャ,チュ,,,ギョ,キュ,シュ,チャ,ピョ,ビョ,ナ
na,ナ,,romaji_to_katakana_base,katakana,,,,,ア,カ,サ,ツ,ハ,ニ,ホ
ni,ニ,,romaji_to_katakana_base,katakana,,,,,ア,カ,サ,ツ,ハ,フ,リ
nu,ヌ,,romaji_to_katakana_base,katakana,,,,,ア,カ,サ,テ,マ,ヒ,モ
ne,ネ,,romaji_to_katakana_base,katakana,,,,,ア,カ,シ,ト,ハ,ニ,ミ
no,ノ,,romaji_to_katakana_base,katakana,,,,,ア,カ,シ,ト,ハ,ミ,ロ
nya,ニャ,,romaji_to_katakana_base,katakana,ニュ,ニョ,,,ギャ,キュ,シュ,チャ,ビョ,ピャ,ヒョ
nyu,ニュ,,romaji_to_katakana_base,katakana,ニャ,ニョ,,,ギュ,キョ,ショ,チャ,ビュ,リョ,ミャ
nyo,ニョ,,romaji_to_katakana_base,katakana,ニャ,ニュ,,,ギョ,キュ,シュ,チャ,ピョ,ビョ,リョ
ha,ハ,,romaji_to_katakana_base,katakana,,,,,ア,カ,サ,ヒ,ビ,ピ,マ
hi,ヒ,,romaji_to_katakana_base,katakana,,,,,ア,カ,サ,フ,ヌ,ム,リ
fu,フ,,romaji_to_katakana_base,katakana,,,,,ア,カ,シ,ヒ,マ,ム,リ
he,ヘ,,romaji_to_katakana_base,katakana,,,,,ア,カ,シ,ヒ,マ,リ,ノ
ho,ホ,,romaji_to_katakana_base,katakana,,,,,ア,カ,シ,ヒ,マ,リ,ヨ
hya,ヒャ,,romaji_to_katakana_base,katakana,ヒュ,ヒョ,,,ギャ,キュ,ジュ,ビョ,チャ,ピョ,リャ
hyu,ヒュ,,romaji_to_katakana_base,katakana,ヒャ,ヒョ,,,ギュ,キョ,ショ,リョ,チャ,ピャ,ビョ
hyo,ヒョ,,romaji_to_katakana_base,katakana,ヒャ,ヒュ,,,ギョ,ニョ,シュ,チャ,ピョ,リョ,ビャ
ma,マ,,romaji_to_katakana_base,katakana,,,,,ア,カ,サ,ツ,ハ,ネ,ヒ
mi,ミ,,romaji_to_katakana_base,katakana,,,,,ア,カ,サ,ツ,ハ,フ,リ
mu,ム,,romaji_to_katakana_base,katakana,,,,,ア,カ,サ,コ,タ,ニ,ホ
me,メ,,romaji_to_katakana_base,katakana,,,,,ア,カ,サ,セ,フ,ホ,ナ
mo,モ,,romaji_to_katakana_base,katakana,,,,,ア,カ,サ,セ,フ,ホ,シ
mya,ミャ,,romaji_to_katakana_base,katakana,ミュ,ミョ,,,ギャ,ミョ,ジュ,チャ,ピャ,ビャ,リュ
myu,ミュ,,romaji_to_katakana_base,katakana,ミャ,ミョ,,,ギュ,ミョ,ジュ,チャ,ピュ,ヒョ,リャ
myo,ミョ,,romaji_to_katakana_base,katakana,ミャ,ミュ,,,ギョ,ミャ,シュ,チャ,リョ,ピョ,ビャ
ya,ヤ,,romaji_to_katakana_base,katakana,,,,,ア,カ,サ,セ,タ,マ,リ
yu,ユ,,romaji_to_katakana_base,katakana,,,,,ア,カ,サ,セ,タ,リ,モ
yo,ヨ,,romaji_to_katakana_base,katakana,,,,,ア,カ,サ,セ,タ,マ,ロ
ra,ラ,,romaji_to_katakana_base,katakana,,,,,ア,カ,サ,セ,タ,ハ,イ
ri,リ,,romaji_to_katakana_base,katakana,,,,,ア,カ,サ,セ,タ,ハ,フ
ru,ル,,romaji_to_katakana_base,katakana,,,,,ア,カ,サ,セ,タ,ハ,ネ
re,レ,,romaji_to_katakana_base,katakana,,,,,ア,カ,サ,セ,タ,ハ,リ
ro,ロ,,romaji_to_katakana_base,katakana,,,,,ア,カ,サ,セ,タ,ハ,リ
rya,リャ,,romaji_to_katakana_base,katakana,リュ,リョ,,,ギャ,ミョ,ジュ,チャ,ピャ,ビャ,ミュ
ryu,リュ,,romaji_to_katakana_base,katakana,リャ,リョ,,,ギュ,ミョ,ジュ,チャ,ピュ,ヒョ,ミャ
ryo,リョ,,romaji_to_katakana_base,katakana,リャ,リュ,,,ギョ,ミャ,シュ,チャ,ヒョ,ピョ,ビャ
wa,ワ,,romaji_to_katakana_base,katakana,,,,,ア,カ,サ,セ,ツ,ホ,リ
wo,ヲ,,romaji_to_katakana_base,katakana,,,,,ア,カ,サ,セ,ツ,ホ,リ
n,ン,,romaji_to_katakana_base,katakana,,,,,ア,カ,サ,セ,ツ,フ,ニ
ga,ガ,,romaji_to_katakana_base,katakana,,,,,ア,カ,サ,セ,ツ,フ,ホ
gi,ギ,,romaji_to_katakana_base,katakana,,,,,ア,カ,サ,セ,ツ,フ,ナ
gu,グ,,romaji_to_katakana_base,katakana,,,,,ア,カ,サ,セ,ツ,フ,ハ
ge,ゲ,,romaji_to_katakana_base,katakana,,,,,ア,カ,サ,セ,ツ,フ,ノ
go,ゴ,,romaji_to_katakana_base,katakana,,,,,ア,カ,サ,セ,ツ,フ,ヨ
gya,ギャ,,romaji_to_katakana_base,katakana,ギュ,ギョ,,,ニャ,キュ,シュ,チャ,ビョ,ヒョ,ピョ
gyu,ギュ,,romaji_to_katakana_base,katakana,ギャ,ギョ,,,ニュ,キョ,ショ,チャ,ピョ,ビュ,リョ
gyo,ギョ,,romaji_to_katakana_base,katakana,ギャ,ギュ,,,ニョ,キュ,シュ,チャ,ピョ,ビョ,リョ
za,ザ,,romaji_to_katakana_base,katakana,,,,,ア,カ,サ,セ,ツ,ノ,リ
ji,ジ,ヂ,romaji_to_katakana_base,katakana,,,,,ザ,ダ,ギ,ン,ミ,ヨ,ソ
zu,ズ,ヅ,romaji_to_katakana_base,katakana,,,,,ザ,ダ,ギ,ン,ミ,ヨ,ソ
ze,ゼ,,romaji_to_katakana_base,katakana,,,,,ア,ザ,ギ,ン,ハ,ヨ,ソ
zo,ゾ,,romaji_to_katakana_base,katakana,,,,,ア,ザ,ギ,ン,ハ,ヨ,ソ
ja,ジャ,ヂャ,romaji_to_katakana_base,katakana,ジュ,ジョ,ヂュ,ヂョ,ニャ,キュ,シュ,チャ,ビョ,ヒョ,ピョ
ju,ジュ,ヂュ,romaji_to_katakana_base,katakana,ジャ,ジョ,ヂャ,ヂョ,ニュ,キョ,ショ,チャ,ピョ,ビュ,リョ
jo,ジョ,ヂョ,romaji_to_katakana_base,katakana,ジャ,ジュ,ヂャ,ヂュ,ニョ,キュ,シュ,チャ,ピョ,ビョ,リョ
da,ダ,,romaji_to_katakana_base,katakana,,,,,ア,カ,サ,セ,ツ,フ,ノ
de,デ,,romaji_to_katakana_base,katakana,,,,,ア,カ,サ,セ,ツ,フ,ノ
do,ド,,romaji_to_katakana_base,katakana,,,,,ア,カ,サ,セ,ツ,フ,ノ
ba,バ,,romaji_to_katakana_base,katakana,,,,,ア,カ,サ,セ,ツ,フ,ネ
bi,ビ,,romaji_to_katakana_base,katakana,,,,,ア,カ,サ,セ,ツ,フ,ニ
bu,ブ,,romaji_to_katakana_base,katakana,,,,,ア,カ,サ,セ,ツ,フ,ネ
be,ベ,,romaji_to_katakana_base,katakana,,,,,ア,カ,サ,セ,ツ,フ,ネ
bo,ボ,,romaji_to_katakana_base,katakana,,,,,ア,カ,サ,セ,ツ,フ,ネ
bya,ビャ,,romaji_to_katakana_base,katakana,ビュ,ビョ,,,ニャ,キュ,シュ,チャ,ピョ,ヒョ,ピュ
byu,ビュ,,romaji_to_katakana_base,katakana,ビャ,ビョ,,,ニュ,キョ,ショ,チャ,ピョ,ヒョ,リョ
byo,ビョ,,romaji_to_katakana_base,katakana,ビャ,ビュ,,,ニョ,キュ,シュ,チャ,ピュ,ヒョ,リョ
pa,パ,,romaji_to_katakana_base,katakana,,,,,ア,カ,サ,セ,ツ,ネ,ホ
pi,ピ,,romaji_to_katakana_base,katakana,,,,,ア,カ,サ,セ,ツ,ネ,ホ
pu,プ,,romaji_to_katakana_base,katakana,,,,,ア,カ,サ,セ,ツ,ネ,ホ
pe,ペ,,romaji_to_katakana_base,katakana,,,,,ア,カ,サ,セ,ツ,ネ,ホ
po,ポ,,romaji_to_katakana_base,katakana,,,,,ア,カ,サ,セ,ツ,ネ,ホ
pya,ピャ,,romaji_to_katakana_base,katakana,ピュ,ピョ,,,ニャ,キュ,シュ,チャ,ビョ,ヒョ,ピュ
pyu,ピュ,,romaji_to_katakana_base,katakana,ピャ,ピョ,,,ニュ,キョ,ショ,チャ,ビョ,ヒョ,リョ
pyo,ピョ,,romaji_to_katakana_base,katakana,ピャ,ピュ,,,ニョ,キュ,シュ,チャ,ビュ,ヒョ,リョ